{"cumIoU":0.736093398485685,"_runtime":3501.053220053,"Pr@0.5":0.6448275862068965,"_wandb":{"runtime":3501},"Pr@0.7":0.47701149425287354,"_step":0,"Pr@0.8":0.36954022988505747,"meanIoU":0.5713356771322545,"_timestamp":1.7473225493119166e+09,"Pr@0.9":0.1396551724137931,"Pr@0.6":0.5643678160919541}