{"cumIoU":0.7314634003183896,"Pr@0.7":0.47701149425287354,"_runtime":3401.190976292,"_wandb":{"runtime":3401},"Pr@0.8":0.3626436781609195,"_timestamp":1.7473190449611022e+09,"Pr@0.6":0.5597701149425287,"meanIoU":0.5688852822081045,"_step":0,"Pr@0.9":0.1413793103448276,"Pr@0.5":0.6413793103448275}