{"Pr@0.7":0.47011494252873565,"_runtime":3373.609866403,"Pr@0.9":0.13448275862068965,"cumIoU":0.7278710682151978,"_step":0,"Pr@0.5":0.6425287356321839,"Pr@0.8":0.3603448275862069,"_wandb":{"runtime":3373},"Pr@0.6":0.5557471264367816,"_timestamp":1.7473156411131432e+09,"meanIoU":0.5668105162710589}