{"Pr@0.6":0.5297328353921287,"Pr@0.7":0.44785981039931055,"Pr@0.5":0.6027003734559034,"_step":0,"_timestamp":1.7474588140508018e+09,"meanIoU":0.5467995252574896,"cumIoU":0.7207635943003268,"_runtime":6582.810736428,"Pr@0.9":0.11634587762137318,"_wandb":{"runtime":6582},"Pr@0.8":0.32059752944556164}