{"meanIoU":0.5468202843268077,"Pr@0.8":0.32059752944556164,"_runtime":6364.602328617,"_step":0,"Pr@0.7":0.4406779661016949,"cumIoU":0.7119030126184895,"Pr@0.9":0.11921861534041941,"Pr@0.6":0.5262855501292732,"_timestamp":1.7474393983019621e+09,"Pr@0.5":0.6012640045963803,"_wandb":{"runtime":6364}}