{"Pr@0.9":0.1338695777075553,"Pr@0.6":0.511921861534042,"_runtime":7171.459339745,"_step":0,"Pr@0.7":0.428325193909796,"Pr@0.8":0.3099683998850905,"_timestamp":1.748551266858085e+09,"Pr@0.5":0.5903476012640047,"_wandb":{"runtime":7171},"meanIoU":0.5367505405477117,"cumIoU":0.6563003591194231}