{"_step":0,"meanIoU":0.5557802790594387,"_timestamp":1.7474718726578028e+09,"Pr@0.5":0.617638609594944,"cumIoU":0.7260480788403865,"Pr@0.6":0.5395001436368859,"Pr@0.7":0.4527434645216892,"Pr@0.8":0.3306521114622235,"Pr@0.9":0.1289859235851767,"_wandb":{"runtime":6496},"_runtime":6496.925163009}