{"meanIoU":0.5605980002157178,"_wandb":{"runtime":3484},"_step":0,"_runtime":3484.963635281,"Pr@0.9":0.12471264367816091,"_timestamp":1.7473122647859375e+09,"Pr@0.6":0.5586206896551724,"Pr@0.5":0.6310344827586207,"Pr@0.7":0.46839080459770116,"Pr@0.8":0.34655172413793106,"cumIoU":0.7262170075789464}