{"Pr@0.5":0.6172413793103448,"Pr@0.8":0.33045977011494254,"Pr@0.7":0.4477011494252874,"cumIoU":0.6891390309733116,"_wandb":{"runtime":3358},"_timestamp":1.7472953368664865e+09,"Pr@0.9":0.13045977011494253,"meanIoU":0.546884108126369,"_step":0,"Pr@0.6":0.5367816091954023,"_runtime":3358.151372025}