{"Pr@0.6":0.5018672795173801,"_wandb":{"runtime":7255},"Pr@0.7":0.4188451594369434,"_runtime":7255.504408248,"Pr@0.5":0.5722493536340132,"Pr@0.9":0.13128411376041368,"_timestamp":1.748536983183956e+09,"cumIoU":0.6326882612123027,"_step":0,"Pr@0.8":0.3050847457627119,"meanIoU":0.5229800031880423}