{"Pr@0.8":0.26716460787130136,"_step":0,"Pr@0.6":0.4576271186440678,"_timestamp":1.7485152706630256e+09,"_wandb":{"runtime":7434},"meanIoU":0.4848768103316884,"_runtime":7434.377815655,"Pr@0.9":0.13559322033898305,"Pr@0.7":0.37345590347601265,"Pr@0.5":0.5214018960068946,"cumIoU":0.5642339661490182}