{"_runtime":6430.089598576,"Pr@0.6":0.5346164895145074,"_wandb":{"runtime":6430},"_timestamp":1.7474522279973433e+09,"Pr@0.9":0.13013501867279517,"Pr@0.8":0.3303648376903189,"_step":0,"Pr@0.5":0.6101694915254238,"meanIoU":0.5516669556746538,"Pr@0.7":0.45245619074978455,"cumIoU":0.7190242811779618}