{"_step":0,"Pr@0.9":0.12754955472565355,"_timestamp":1.7474849550636308e+09,"cumIoU":0.7292827252951277,"meanIoU":0.5577178931008241,"Pr@0.7":0.4587762137316863,"_wandb":{"runtime":6506},"Pr@0.8":0.3349612180407929,"_runtime":6506.038479432,"Pr@0.5":0.6164895145073255,"Pr@0.6":0.541798333812123}