{"_wandb":{"runtime":3320},"_step":0,"meanIoU":0.5577491284570227,"_runtime":3320.177031215,"Pr@0.5":0.628735632183908,"cumIoU":0.7187509012960297,"Pr@0.6":0.5408045977011494,"_timestamp":1.7473020291748314e+09,"Pr@0.9":0.1339080459770115,"Pr@0.7":0.46264367816091956,"Pr@0.8":0.3505747126436782}