{"_timestamp":1.747305402478261e+09,"_step":0,"meanIoU":0.5583637925794179,"cumIoU":0.7165858995088092,"Pr@0.9":0.12586206896551724,"Pr@0.8":0.3448275862068966,"_runtime":3370.342028991,"Pr@0.5":0.6293103448275862,"Pr@0.6":0.5477011494252874,"_wandb":{"runtime":3370},"Pr@0.7":0.46609195402298853}