{"cumIoU":0.6310776443418841,"Pr@0.6":0.5017241379310344,"_runtime":3228.47162344,"_wandb":{"runtime":3228},"meanIoU":0.5161011553606804,"Pr@0.8":0.29770114942528736,"Pr@0.7":0.4057471264367816,"_timestamp":1.7472884652631934e+09,"Pr@0.9":0.1206896551724138,"_step":0,"Pr@0.5":0.575287356321839}