{"cumIoU":0.5822478726314255,"Pr@0.9":0.13674231542660156,"Pr@0.5":0.5518529158287848,"_step":0,"Pr@0.6":0.4840563056592933,"meanIoU":0.50470320736533,"Pr@0.8":0.2884228669922436,"Pr@0.7":0.4016087331226659,"_timestamp":1.7485225612623343e+09,"_runtime":7288.166576163,"_wandb":{"runtime":7288}}