{"Pr@0.8":0.3053720195346165,"_timestamp":1.747426687036605e+09,"cumIoU":0.6916758535271365,"Pr@0.9":0.1212295317437518,"_runtime":6530.633072425,"_step":0,"meanIoU":0.5346967928992089,"Pr@0.6":0.5104854926745188,"Pr@0.7":0.4245906348750359,"_wandb":{"runtime":6530},"Pr@0.5":0.5886239586325769}