{"Pr@0.8":0.364367816091954,"Pr@0.6":0.5649425287356322,"_timestamp":1.7473261610145612e+09,"_step":0,"Pr@0.5":0.6448275862068965,"_wandb":{"runtime":3609},"Pr@0.9":0.1413793103448276,"_runtime":3608.995380655,"meanIoU":0.5710370265846121,"Pr@0.7":0.4764367816091954,"cumIoU":0.7348297331360685}