{"_timestamp":1.7474784453439202e+09,"Pr@0.5":0.6179258833668486,"cumIoU":0.7276963019908961,"Pr@0.9":0.1281241022694628,"_step":0,"meanIoU":0.5572353544102676,"_runtime":6569.102589369,"Pr@0.8":0.334099396725079,"Pr@0.6":0.5426601551278368,"Pr@0.7":0.45820166618787705,"_wandb":{"runtime":6569}}