{"meanIoU":0.5356091955716585,"_wandb":{"runtime":7484},"Pr@0.7":0.43550703820741166,"Pr@0.5":0.5897730537201954,"_runtime":7484.92986853,"Pr@0.8":0.31657569663889684,"_timestamp":1.7485587543580291e+09,"_step":0,"cumIoU":0.6433388904339722,"Pr@0.6":0.5168055156564205,"Pr@0.9":0.1304222924446998}