{"_runtime":7835.137967785,"Pr@0.6":0.46969261706406207,"_timestamp":1.747407262166442e+09,"Pr@0.7":0.38925596093076703,"Pr@0.9":0.13358230393565068,"_wandb":{"runtime":7835},"_step":0,"Pr@0.5":0.538638322321172,"meanIoU":0.4934207178702316,"cumIoU":0.5898240344422441,"Pr@0.8":0.2703246193622522}