{"Pr@0.5":0.5932203389830508,"cumIoU":0.7048123721552113,"Pr@0.8":0.3142775064636599,"Pr@0.9":0.12726228095374892,"Pr@0.6":0.5170927894283252,"Pr@0.7":0.4415397874174088,"_wandb":{"runtime":6339},"meanIoU":0.540604071999156,"_timestamp":1.7474330288953896e+09,"_runtime":6339.361902166,"_step":0}