{"_timestamp":1.7472987062249808e+09,"Pr@0.8":0.3413793103448276,"Pr@0.9":0.13448275862068965,"_runtime":3366.736198386,"meanIoU":0.5552087283739149,"Pr@0.6":0.5477011494252874,"cumIoU":0.7039522059059222,"_wandb":{"runtime":3366},"Pr@0.5":0.6281609195402299,"Pr@0.7":0.45689655172413796,"_step":0}