{"_runtime":3371.702986928,"Pr@0.8":0.3568965517241379,"Pr@0.9":0.1442528735632184,"_timestamp":1.7473087771115491e+09,"cumIoU":0.7249220368558998,"_step":0,"_wandb":{"runtime":3371},"Pr@0.5":0.6350574712643678,"Pr@0.6":0.5551724137931034,"meanIoU":0.5645145001915256,"Pr@0.7":0.4689655172413793}