{"Pr@0.8":0.3080459770114943,"meanIoU":0.5094416534720009,"Pr@0.5":0.5683908045977012,"Pr@0.9":0.1425287356321839,"_runtime":3383.452417463,"cumIoU":0.5988891298170018,"_step":0,"_timestamp":1.7472852340917208e+09,"Pr@0.7":0.3988505747126437,"_wandb":{"runtime":3383},"Pr@0.6":0.49770114942528737}