{"Pr@0.9":0.12410226946279805,"_timestamp":1.747445794809069e+09,"_wandb":{"runtime":6393},"Pr@0.8":0.32088480321746626,"Pr@0.5":0.6021258259120942,"Pr@0.7":0.44125251364550416,"cumIoU":0.7126520300824548,"_runtime":6393.846115933,"_step":0,"meanIoU":0.5442297052811628,"Pr@0.6":0.5254237288135594}