{"Pr@0.8":0.2910083309393852,"_timestamp":1.7474201528903947e+09,"Pr@0.9":0.11577133007756392,"_runtime":6413.631027981,"_step":0,"Pr@0.6":0.49583453030738295,"_wandb":{"runtime":6413},"Pr@0.5":0.5731111749497271,"Pr@0.7":0.4133869577707555,"cumIoU":0.6716972798295817,"meanIoU":0.5217492087425606}