{"Pr@0.9":0.13512731481481483,"_runtime":7439.410253386,"Pr@0.5":0.6145833333333334,"meanIoU":0.551674204599952,"_step":0,"Pr@0.6":0.5358796296296297,"Pr@0.8":0.3298611111111111,"_wandb":{"runtime":7439},"Pr@0.7":0.44994212962962965,"_timestamp":1.7485661964173613e+09,"cumIoU":0.6718563868697677}