{"_step":0,"Pr@0.5":0.6022988505747127,"Pr@0.8":0.3114942528735632,"_timestamp":1.7472919762224994e+09,"_wandb":{"runtime":3508},"Pr@0.6":0.5160919540229885,"Pr@0.9":0.11724137931034483,"Pr@0.7":0.42873563218390803,"meanIoU":0.5361092823211631,"cumIoU":0.6700516410749123,"_runtime":3508.455564959}