{"_timestamp":1.7485297242943566e+09,"_wandb":{"runtime":7160},"Pr@0.6":0.48807813846595804,"_step":0,"Pr@0.9":0.12381499569089342,"cumIoU":0.6158111788606403,"Pr@0.8":0.28583740304510197,"meanIoU":0.5137757308657014,"Pr@0.5":0.5662166044240161,"_runtime":7160.110934194,"Pr@0.7":0.40563056592933067}