{"_wandb":{"runtime":6556},"Pr@0.6":0.5360528583740305,"Pr@0.7":0.45906348750359094,"Pr@0.8":0.33007756391841425,"_timestamp":1.7474653726939178e+09,"_runtime":6556.068406411,"Pr@0.5":0.6127549554725653,"Pr@0.9":0.12869864981327206,"meanIoU":0.5545630489379586,"cumIoU":0.7248222954740685,"_step":0}