{"_runtime":7106.386059007,"Pr@0.6":0.5116345877621373,"Pr@0.7":0.42516518241884516,"meanIoU":0.5315581294721891,"_step":0,"_wandb":{"runtime":7106},"Pr@0.8":0.3022120080436656,"Pr@0.5":0.5808675667911519,"Pr@0.9":0.12295317437517955,"cumIoU":0.6490189636653872,"_timestamp":1.7485440922051744e+09}