{"_runtime":6471.40377465,"Pr@0.8":0.2686009767308245,"_wandb":{"runtime":6471},"_step":0,"Pr@0.5":0.5432347026716461,"Pr@0.9":0.11605860384946855,"cumIoU":0.62973802757734,"Pr@0.7":0.3855214018960069,"meanIoU":0.5000143917932489,"Pr@0.6":0.46940534329215744,"_timestamp":1.7474137365132532e+09}